Name,Comment, , 
[北潭凹營地 | 營友分享] 西貢行山露營一次過,北潭凹營地，位於西貢牛湖墩附近，營地由樹林包圍，較少風景位，而且露營人流適中。除了在北潭凹營地露營之外，營友亦可以行山到牛湖墩，由北潭凹營地前往牛湖墩山頂都只需15分鐘。籮箕灣營地位於大嶼郊野公園，起步由水口村開始，交通、營地配套等亦很適合新手露營者。當日，營地人流適中，而且有美麗的海灘，營地跟浪茄有異曲同工之妙。營地設有燒烤爐、檯、櫈、污水穴。香港愈來愈多Glamping的地點，位於行山熱點雞公嶺底下的PARK Nature 世外公園就是其中之一！今次兩日一夜，實地體驗一下元朗 PARK Nature 的星空露營車和園內設施吧！露營，最開心不過於有獨自安靜的時間，又或者跟一大班知己相聚一晚一起玩。除了煮飯、行山，無論一個人又好、一班朋友又好，都可以用晚黑的時間，創作一些光影塗鴉 (Light Pain。今日終於的起心肝，行上昂平大草原，帶住兩個女上去，又得閒影下相，雖然只係係馬鞍山郊野公園燒烤場出發，都行左兩個鐘先上到去，不過實際路程比想像中容易，因為頭一半都係行車路，寬闊而,,
[籮箕灣營地 | 營友分享] 大嶼山無敵海景營地之選,"
籮箕灣營地位於大嶼郊野公園，起步由水口村開始，交通、營地配套等亦很適合新手露營者。當日，營地人流適中，而且有美麗的海灘，營地跟浪茄有異曲同工之妙。營地設有燒烤爐、檯、櫈、污水穴
",,
[營友分享] 元朗星空Glamping露營車開箱 @PARK Nature,香港愈來愈多Glamping的地點，位於行山熱點雞公嶺底下的PARK Nature 世外公園就是其中之一！今次兩日一夜，實地體驗一下元朗 PARK Nature 的星空露營車和園內設施吧！,,
[營友分享] 露營玩意 — 光影塗鴉 (Light Painting),露營，最開心不過於有獨自安靜的時間，又或者跟一大班知己相聚一晚一起玩。除了煮飯、行山，無論一個人又好、一班朋友又好，都可以用晚黑的時間，創作一些光影塗鴉 (Light Pain,,
[營友分享] 初探昂平營地,今日終於的起心肝，行上昂平大草原，帶住兩個女上去，又得閒影下相，雖然只係係馬鞍山郊野公園燒烤場出發，都行左兩個鐘先上到去，不過實際路程比想像中容易，因為頭一半都係行車路，寬闊而,,
[營友分享] 山長水又遠之田夫仔露營場,聖誕節節長假期，要找一個寧靜舒適的露營場地幾乎是不可能。有朋友說要去東龍島露營，但當想到漫山都是人海和營海，與及來回搭船的超長人龍就已經要打退堂鼓。和友人翻開政府漁護署網站，在,,
[營友分享] 灣仔南 及 灣仔西 營地露營攻略,小編 Foster 趁天氣好，跟朋友初次露營，當然選擇一個方便，而野外環境好的地方啦! 在網上搜查過，發現西貢灣仔營地是一個不錯的選擇，因為有大草原、洗手間、更衣室以至燒烤爐都,,
[地圖] 精選入門／中級露營地點好去處,對於露營來說，小編不敢說是高手，但起碼可以將經驗好好的與各位愛玩生分享，所以希望這篇文章可以幫助一些想嘗試／剛開始露營的朋友啦～ （另文：露營必備用品） 至於香港有什麼營地值得,,
